sale_id,store_id,product_id,customer_id,date,quantity,unit_price,total_price
1,6,30,168,2023-10-09,2,54.96,109.92
2,6,21,142,2023-03-26,3,123.72999999999999,371.18999999999994
3,8,20,35,2023-05-16,3,98.55,295.65
4,1,6,176,2023-09-28,4,51.64,206.56
5,7,22,84,2023-11-07,3,111.04,333.12
6,1,18,56,2023-08-05,1,42.260000000000005,42.260000000000005
7,7,8,177,2023-04-19,1,102.18,102.18
8,3,39,141,2023-10-04,1,91.98,91.98
9,8,32,189,2023-12-20,3,44.43,133.29
10,3,33,49,2023-04-13,2,52.43000000000001,104.86000000000001
11,1,16,46,2023-06-09,2,55.080000000000005,110.16000000000001
12,8,12,113,2023-07-24,2,43.269999999999996,86.53999999999999
13,3,38,190,2023-12-10,2,104.48,208.96
14,2,34,136,2023-11-29,1,41.96,41.96
15,1,14,43,2023-07-11,1,115.45,115.45
16,3,36,148,2023-08-13,4,45.92,183.68
17,2,33,124,2023-09-22,3,78.99000000000001,236.97000000000003
18,2,23,97,2023-08-20,3,126.10999999999999,378.3299999999999
19,6,50,90,2023-03-03,2,93.21000000000001,186.42000000000002
20,1,45,39,2023-05-07,1,119.18,119.18
21,2,2,85,2023-04-26,2,82.61,165.22
22,6,41,177,2023-02-02,4,60.68,242.72
23,3,21,192,2023-06-23,3,107.19999999999999,321.59999999999997
24,4,2,62,2023-01-11,3,77.2,231.60000000000002
25,1,27,106,2023-10-29,2,104.53,209.06
26,8,9,107,2023-10-11,4,61.14,244.56
27,7,1,54,2023-04-28,3,74.96000000000001,224.88000000000002
28,7,11,126,2023-10-29,4,98.45,393.8
29,3,3,9,2023-04-23,4,100.7,402.8
30,10,23,88,2023-01-04,2,126.35999999999999,252.71999999999997
31,10,26,37,2023-02-06,1,127.9,127.9
32,3,4,49,2023-12-29,2,71.17,142.34
33,2,18,41,2023-11-20,1,80.98,80.98
34,1,6,17,2023-01-31,4,54.62,218.48
35,7,35,88,2023-04-28,1,46.349999999999994,46.349999999999994
36,7,22,21,2023-02-04,4,102.28,409.12
37,2,43,51,2023-01-17,3,110.8,332.4
38,7,15,59,2023-06-19,3,46.790000000000006,140.37
39,8,22,167,2023-02-06,3,132.87,398.61
40,1,37,183,2023-09-21,2,85.95,171.9
41,9,42,41,2023-05-02,2,79.28,158.56
42,7,12,39,2023-05-23,4,21.11,84.44
43,3,47,141,2023-12-09,3,122.66,367.98
44,8,49,192,2023-09-06,2,124.50999999999999,249.01999999999998
45,7,42,11,2023-04-20,3,67.3,201.89999999999998
46,8,38,147,2023-10-04,2,108.65,217.3
47,6,18,139,2023-03-09,1,55.050000000000004,55.050000000000004
48,9,45,77,2023-10-20,1,105.16000000000001,105.16000000000001
49,5,35,127,2023-10-23,3,48.449999999999996,145.35
50,3,30,46,2023-08-31,4,45.93,183.72
51,3,24,45,2023-05-05,2,50.53,101.06
52,1,42,1,2023-08-31,2,67.69,135.38
53,8,30,168,2023-07-28,1,38.86,38.86
54,2,14,108,2023-04-08,1,105.81,105.81
55,3,6,19,2023-02-18,4,60.61,242.44
56,8,3,76,2023-02-19,4,98.65,394.6
57,8,16,72,2023-12-04,4,15.0,60.0
58,4,7,200,2023-08-09,3,116.52000000000001,349.56000000000006
59,4,14,189,2023-07-01,1,102.97,102.97
60,5,9,109,2023-08-05,3,49.89,149.67000000000002
61,6,15,12,2023-07-30,1,54.8,54.8
62,5,21,189,2023-08-28,1,135.32999999999998,135.32999999999998
63,7,35,161,2023-01-28,2,64.38,128.76
64,2,2,45,2023-12-11,1,74.21000000000001,74.21000000000001
65,7,27,90,2023-12-01,1,82.99,82.99
66,10,2,103,2023-11-27,3,67.64,202.92000000000002
67,7,35,197,2023-02-20,1,24.82,24.82
68,1,18,8,2023-02-01,3,69.62,208.86
69,7,14,153,2023-07-26,4,86.66,346.64
70,5,20,91,2023-06-23,1,128.36,128.36
71,3,18,174,2023-02-25,1,70.14,70.14
72,3,10,87,2023-05-08,3,43.04,129.12
73,4,25,158,2023-04-09,4,31.32,125.28
74,2,2,175,2023-04-08,2,50.5,101.0
75,2,25,177,2023-10-02,4,15.49,61.96
76,1,33,175,2023-08-18,3,71.26,213.78000000000003
77,5,36,84,2023-03-13,4,21.3,85.2
78,4,31,82,2023-08-05,3,82.53999999999999,247.61999999999998
79,10,14,146,2023-04-04,3,116.26,348.78000000000003
80,2,1,194,2023-05-23,2,101.47,202.94
81,3,46,68,2023-08-25,1,39.44,39.44
82,7,16,161,2023-05-08,3,24.41,73.23
83,7,46,127,2023-02-08,3,49.44,148.32
84,4,3,164,2023-08-15,2,133.75,267.5
85,5,35,82,2023-10-09,3,26.93,80.78999999999999
86,5,41,147,2023-02-20,1,77.74000000000001,77.74000000000001
87,6,6,156,2023-01-26,2,33.62,67.24
88,9,25,168,2023-11-30,1,53.26,53.26
89,2,13,84,2023-10-04,1,132.94,132.94
90,5,34,113,2023-01-08,2,12.82,25.64
91,3,8,76,2023-02-17,3,108.69999999999999,326.09999999999997
92,4,21,122,2023-05-02,1,126.5,126.5
93,10,34,143,2023-03-27,1,59.050000000000004,59.050000000000004
94,6,4,41,2023-07-28,1,62.13,62.13
95,8,25,167,2023-09-06,1,55.45,55.45
96,1,15,2,2023-09-04,2,16.79,33.58
97,10,4,191,2023-04-20,2,55.77,111.54
98,8,45,29,2023-07-25,4,100.79,403.16
99,7,12,105,2023-01-31,4,60.7,242.8
100,1,32,194,2023-03-26,1,47.11,47.11
101,2,32,51,2023-07-14,3,48.85,146.55
102,3,28,75,2023-01-02,1,92.25999999999999,92.25999999999999
103,1,13,10,2023-07-19,3,88.25,264.75
104,9,31,142,2023-05-16,1,71.69,71.69
105,8,14,51,2023-08-21,4,76.57000000000001,306.28000000000003
106,2,20,118,2023-05-27,4,93.55,374.2
107,9,18,121,2023-08-05,3,52.800000000000004,158.4
108,7,29,39,2023-12-23,1,115.08999999999999,115.08999999999999
109,9,6,28,2023-10-12,3,32.739999999999995,98.21999999999998
110,6,32,3,2023-12-05,4,12.030000000000001,48.120000000000005
111,6,29,84,2023-09-07,1,100.31,100.31
112,4,43,198,2023-03-21,1,95.74,95.74
113,10,2,155,2023-04-08,3,95.63,286.89
114,10,23,117,2023-06-01,2,114.78,229.56
115,2,19,2,2023-04-22,3,88.63,265.89
116,7,31,93,2023-01-30,4,74.35,297.4
117,5,5,166,2023-10-24,4,30.76,123.04
118,6,19,131,2023-10-05,4,80.33,321.32
119,2,34,144,2023-02-01,4,27.339999999999996,109.35999999999999
120,5,10,94,2023-06-10,4,28.66,114.64
121,10,25,40,2023-01-30,2,25.32,50.64
122,4,2,2,2023-01-26,1,54.300000000000004,54.300000000000004
123,9,11,81,2023-10-27,3,85.16,255.48
124,6,50,169,2023-09-02,3,73.54,220.62
125,2,31,12,2023-09-15,4,85.83,343.32
126,1,15,163,2023-09-29,3,16.8,50.400000000000006
127,5,9,65,2023-03-22,4,25.92,103.68
128,9,23,55,2023-01-30,2,117.21,234.42
129,6,19,45,2023-09-18,2,48.41,96.82
130,10,9,101,2023-02-11,1,32.4,32.4
131,7,35,62,2023-04-06,2,59.66,119.32
132,5,21,49,2023-02-05,2,103.58,207.16
133,10,9,127,2023-11-01,1,19.66,19.66
134,6,28,153,2023-02-04,3,70.03999999999999,210.11999999999998
135,5,46,23,2023-12-12,4,21.97,87.88
136,9,7,152,2023-05-01,4,105.95,423.8
137,6,16,38,2023-07-26,3,53.45,160.35000000000002
138,8,16,28,2023-03-03,1,20.78,20.78
139,2,33,21,2023-10-19,3,78.97,236.91
140,9,4,182,2023-05-07,2,64.11,128.22
141,5,4,107,2023-10-24,1,46.400000000000006,46.400000000000006
142,7,39,146,2023-11-01,1,92.0,92.0
143,10,40,164,2023-01-21,1,110.82,110.82
144,1,17,99,2023-11-14,4,123.63,494.52
145,10,37,173,2023-02-11,3,71.7,215.10000000000002
146,5,39,119,2023-08-03,1,83.94,83.94
147,10,29,73,2023-12-03,1,107.11999999999999,107.11999999999999
148,2,36,181,2023-10-26,1,57.459999999999994,57.459999999999994
149,6,38,122,2023-10-17,3,79.66000000000001,238.98000000000002
150,1,39,30,2023-09-25,4,81.93,327.72
151,3,50,188,2023-06-11,2,78.59,157.18
152,5,37,108,2023-05-14,4,103.2,412.8
153,4,35,98,2023-04-15,1,45.43,45.43
154,3,7,32,2023-12-09,4,111.03,444.12
155,10,27,195,2023-06-10,4,97.13,388.52
156,5,28,195,2023-05-03,2,88.55,177.1
157,8,22,156,2023-05-16,3,115.05,345.15
158,4,14,172,2023-07-22,3,99.45,298.35
159,1,7,79,2023-03-09,4,119.51,478.04
160,7,37,41,2023-12-10,4,116.15,464.6
161,8,22,63,2023-11-27,3,143.26,429.78
162,3,5,23,2023-06-03,3,35.32,105.96000000000001
163,6,2,104,2023-08-23,2,57.510000000000005,115.02000000000001
164,2,27,75,2023-06-11,1,83.03,83.03
165,7,21,48,2023-02-07,4,132.32999999999998,529.3199999999999
166,8,38,160,2023-01-05,3,101.01,303.03000000000003
167,6,15,57,2023-08-23,4,37.41,149.64
168,6,21,118,2023-11-15,4,137.06,548.24
169,5,10,100,2023-10-16,3,31.700000000000003,95.10000000000001
170,8,23,124,2023-02-21,2,119.69999999999999,239.39999999999998
171,1,39,161,2023-02-07,4,81.35,325.4
172,10,5,152,2023-10-03,2,33.2,66.4
173,4,1,167,2023-04-20,3,80.46000000000001,241.38000000000002
174,4,13,34,2023-09-17,1,121.44,121.44
175,3,21,184,2023-05-16,1,102.16,102.16
176,3,26,156,2023-03-09,4,89.45,357.8
177,4,50,165,2023-06-28,3,102.75,308.25
178,1,45,7,2023-02-05,2,106.11,212.22
179,2,21,196,2023-05-06,4,123.81,495.24
180,9,18,165,2023-07-09,3,69.95,209.85000000000002
181,10,37,56,2023-05-26,3,91.66,274.98
182,2,45,65,2023-03-22,2,129.10000000000002,258.20000000000005
183,5,32,193,2023-08-13,4,18.34,73.36
184,9,36,47,2023-10-06,3,44.239999999999995,132.71999999999997
185,9,17,148,2023-12-27,3,117.97,353.90999999999997
186,8,35,19,2023-06-04,3,49.71,149.13
187,1,49,157,2023-11-10,2,97.58,195.16
188,1,11,188,2023-12-01,4,100.56,402.24
189,9,21,146,2023-09-28,4,105.07,420.28
190,8,26,163,2023-01-05,4,93.48,373.92
191,10,4,171,2023-12-08,4,50.06,200.24
192,9,34,126,2023-10-11,1,20.310000000000002,20.310000000000002
193,7,48,139,2023-06-03,1,50.56,50.56
194,3,18,49,2023-12-06,4,55.56,222.24
195,3,40,113,2023-02-23,2,142.84,285.68
196,2,35,38,2023-03-10,1,64.82,64.82
197,5,41,64,2023-05-16,3,69.6,208.79999999999998
198,3,29,69,2023-03-01,1,99.11,99.11
199,6,29,136,2023-02-24,3,110.44999999999999,331.34999999999997
200,2,38,162,2023-10-11,4,115.96000000000001,463.84000000000003
201,3,42,176,2023-03-21,1,51.14,51.14
202,5,21,116,2023-05-20,2,100.25,200.5
203,1,42,184,2023-05-25,1,60.42,60.42
204,1,13,65,2023-11-06,1,125.49,125.49
205,10,49,31,2023-04-18,1,129.66,129.66
206,9,41,132,2023-06-25,4,50.19,200.76
207,7,17,113,2023-04-15,2,132.7,265.4
208,1,9,109,2023-12-18,1,26.41,26.41
209,8,41,178,2023-11-21,2,52.3,104.6
210,3,1,69,2023-05-16,4,101.03999999999999,404.15999999999997
211,8,2,158,2023-09-16,3,60.18000000000001,180.54000000000002
212,5,48,120,2023-09-08,1,23.0,23.0
213,1,29,88,2023-05-09,2,92.13,184.26
214,7,33,187,2023-01-27,2,93.18,186.36
215,5,10,67,2023-02-17,4,52.830000000000005,211.32000000000002
216,6,50,75,2023-11-21,1,86.87,86.87
217,6,40,45,2023-08-05,3,134.17,402.51
218,8,21,4,2023-05-22,2,103.44,206.88
219,9,28,154,2023-01-23,1,68.75999999999999,68.75999999999999
220,2,11,155,2023-01-02,3,89.80000000000001,269.40000000000003
221,9,34,174,2023-06-20,2,15.95,31.9
222,10,8,107,2023-03-08,2,88.55,177.1
223,9,22,192,2023-11-23,3,144.79,434.37
224,10,8,51,2023-05-15,3,66.69,200.07
225,10,49,50,2023-03-24,4,104.94,419.76
226,7,15,6,2023-08-15,1,23.9,23.9
227,1,17,59,2023-10-10,1,111.4,111.4
228,7,23,125,2023-12-28,4,122.07999999999998,488.31999999999994
229,10,24,143,2023-08-07,2,64.68,129.36
230,5,45,30,2023-10-15,3,120.36000000000001,361.08000000000004
231,6,19,170,2023-01-05,3,78.48,235.44
232,10,5,122,2023-02-27,3,24.69,74.07000000000001
233,7,32,125,2023-02-08,2,30.96,61.92
234,5,44,37,2023-12-20,3,48.31,144.93
235,7,1,170,2023-03-18,3,87.46000000000001,262.38
236,9,23,124,2023-10-07,4,126.54999999999998,506.19999999999993
237,3,37,101,2023-01-19,2,105.37,210.74
238,8,8,35,2023-07-09,1,84.22999999999999,84.22999999999999
239,2,13,87,2023-10-26,4,124.63,498.52
240,7,8,134,2023-10-10,4,73.09,292.36
241,2,23,196,2023-03-17,1,79.05999999999999,79.05999999999999
242,4,43,18,2023-08-09,4,98.53999999999999,394.15999999999997
243,7,1,113,2023-03-07,2,74.89,149.78
244,3,45,29,2023-01-22,3,122.53,367.59000000000003
245,2,24,77,2023-06-07,2,71.88,143.76
246,10,35,59,2023-07-06,1,61.91,61.91
247,7,24,175,2023-01-21,1,66.72,66.72
248,1,17,126,2023-07-03,4,124.29,497.16
249,8,5,145,2023-04-18,2,19.580000000000002,39.160000000000004
250,3,20,109,2023-12-16,2,84.92999999999999,169.85999999999999
251,2,21,22,2023-05-08,1,123.0,123.0
252,3,40,68,2023-12-08,2,118.88,237.76
253,5,31,69,2023-02-22,1,93.91999999999999,93.91999999999999
254,8,46,165,2023-07-01,2,15.02,30.04
255,10,36,49,2023-10-14,2,18.38,36.76
256,7,11,141,2023-07-28,2,94.59,189.18
257,7,15,162,2023-11-14,1,25.37,25.37
258,7,19,109,2023-03-21,4,43.64,174.56
259,8,7,86,2023-05-02,2,113.85,227.7
260,1,28,53,2023-03-25,1,51.769999999999996,51.769999999999996
261,4,43,123,2023-04-01,1,118.33,118.33
262,6,5,87,2023-07-31,2,30.89,61.78
263,9,5,179,2023-01-13,2,25.62,51.24
264,2,30,131,2023-04-02,4,35.17,140.68
265,1,32,42,2023-06-20,1,46.35,46.35
266,10,8,98,2023-07-30,1,83.94,83.94
267,2,10,160,2023-12-09,3,50.78,152.34
268,7,38,109,2023-05-08,1,83.02000000000001,83.02000000000001
269,3,47,51,2023-05-17,4,136.01,544.04
270,10,32,85,2023-03-23,3,18.689999999999998,56.06999999999999
271,2,48,174,2023-12-26,3,43.29,129.87
272,7,28,127,2023-02-25,3,74.02,222.06
273,2,17,21,2023-07-15,2,145.26,290.52
274,3,31,44,2023-01-20,2,71.78,143.56
275,7,8,139,2023-08-29,1,67.97,67.97
276,4,40,103,2023-04-24,3,98.35,295.04999999999995
277,1,25,68,2023-04-13,4,54.45,217.8
278,5,9,129,2023-08-24,2,41.32,82.64
279,9,2,92,2023-06-29,4,85.94,343.76
280,8,15,191,2023-06-06,4,25.22,100.88
281,9,50,24,2023-04-27,2,73.04,146.08
282,10,3,125,2023-04-25,2,91.81,183.62
283,9,49,141,2023-01-13,2,137.76999999999998,275.53999999999996
284,7,36,111,2023-12-04,2,49.89,99.78
285,4,4,98,2023-04-09,3,85.07,255.20999999999998
286,5,14,139,2023-07-24,3,86.10000000000001,258.3
287,1,41,179,2023-06-18,3,71.57,214.70999999999998
288,1,41,17,2023-05-23,3,74.86,224.57999999999998
289,3,25,99,2023-02-05,1,29.49,29.49
290,8,50,82,2023-05-23,3,97.69,293.07
291,2,10,104,2023-06-29,2,60.4,120.8
292,4,21,152,2023-11-25,4,139.35,557.4
293,2,36,19,2023-09-18,3,53.370000000000005,160.11
294,5,12,165,2023-07-24,1,26.509999999999998,26.509999999999998
295,9,27,85,2023-12-14,2,72.85,145.7
296,1,40,8,2023-10-02,4,144.61,578.44
297,5,2,28,2023-06-19,4,48.45,193.8
298,9,13,5,2023-01-15,3,119.17,357.51
299,1,32,145,2023-03-01,4,41.69,166.76
300,9,31,101,2023-05-14,3,83.31,249.93
301,8,16,164,2023-04-02,3,62.580000000000005,187.74
302,4,32,118,2023-10-25,2,22.36,44.72
303,10,32,147,2023-05-16,2,23.740000000000002,47.480000000000004
304,5,34,64,2023-01-20,1,15.219999999999999,15.219999999999999
305,5,11,91,2023-02-25,2,94.29,188.58
306,6,10,117,2023-11-02,2,26.78,53.56
307,7,15,98,2023-08-11,3,30.56,91.67999999999999
308,8,17,11,2023-06-26,2,140.62,281.24
309,8,40,54,2023-06-10,3,143.25,429.75
310,2,18,173,2023-08-12,3,50.660000000000004,151.98000000000002
311,9,9,47,2023-11-07,2,33.86,67.72
312,7,25,140,2023-09-19,1,59.43,59.43
313,4,40,149,2023-03-01,1,100.44,100.44
314,4,14,139,2023-07-17,4,77.62,310.48
315,8,25,5,2023-10-23,4,21.91,87.64
316,4,50,184,2023-04-08,2,85.30000000000001,170.60000000000002
317,6,22,20,2023-05-11,1,107.04,107.04
318,5,30,169,2023-01-23,3,64.0,192.0
319,3,20,46,2023-12-29,4,105.11,420.44
320,10,21,12,2023-08-12,3,120.56,361.68
321,2,44,70,2023-01-01,4,39.33,157.32
322,9,32,17,2023-09-24,2,30.159999999999997,60.31999999999999
323,10,46,115,2023-10-03,1,39.58,39.58
324,9,49,147,2023-12-18,4,127.47,509.88
325,1,21,154,2023-12-10,1,132.93,132.93
326,10,35,48,2023-04-11,3,45.61,136.82999999999998
327,3,32,108,2023-07-06,2,51.39,102.78
328,8,30,52,2023-08-09,1,56.61,56.61
329,6,39,96,2023-02-05,2,98.52000000000001,197.04000000000002
330,5,49,70,2023-12-07,1,93.38,93.38
331,5,12,183,2023-06-19,3,13.25,39.75
332,6,41,102,2023-11-16,3,52.019999999999996,156.06
333,7,47,75,2023-06-10,2,130.65,261.3
334,1,18,161,2023-12-06,3,61.71,185.13
335,9,21,190,2023-03-05,4,115.71,462.84
336,3,13,151,2023-06-03,1,127.42,127.42
337,4,21,143,2023-09-17,3,139.87,419.61
338,10,8,155,2023-06-08,4,109.28,437.12
339,1,46,192,2023-12-08,2,22.53,45.06
340,10,40,179,2023-07-29,4,131.26999999999998,525.0799999999999
341,3,46,181,2023-06-17,2,20.46,40.92
342,2,7,82,2023-07-26,2,87.68,175.36
343,2,23,92,2023-12-23,1,86.61999999999999,86.61999999999999
344,1,44,179,2023-06-01,1,44.0,44.0
345,8,32,175,2023-10-11,4,28.15,112.6
346,3,11,4,2023-03-07,1,113.31,113.31
347,3,22,135,2023-04-09,1,105.54,105.54
348,6,22,109,2023-08-04,1,135.68,135.68
349,8,43,163,2023-12-07,4,114.56,458.24
350,9,25,48,2023-07-14,3,28.04,84.12
351,9,22,73,2023-12-13,1,123.82,123.82
352,4,28,72,2023-03-31,1,61.0,61.0
353,5,29,116,2023-11-12,4,121.31,485.24
354,2,13,173,2023-10-19,3,105.34,316.02
355,9,18,81,2023-06-04,1,49.620000000000005,49.620000000000005
356,8,2,81,2023-07-27,2,53.660000000000004,107.32000000000001
357,3,29,113,2023-10-08,4,118.88999999999999,475.55999999999995
358,9,21,96,2023-01-01,1,140.20999999999998,140.20999999999998
359,3,15,72,2023-06-05,1,30.580000000000002,30.580000000000002
360,9,27,147,2023-05-27,2,94.97,189.94
361,2,50,63,2023-04-18,2,88.4,176.8
362,10,31,38,2023-08-09,4,98.44999999999999,393.79999999999995
363,9,15,67,2023-10-24,4,53.959999999999994,215.83999999999997
364,8,23,187,2023-11-07,2,105.33,210.66
365,9,24,69,2023-12-02,4,73.93,295.72
366,5,44,13,2023-06-14,2,71.26,142.52
367,2,13,175,2023-08-27,1,103.66,103.66
368,8,22,189,2023-08-15,2,115.68,231.36
369,6,43,31,2023-08-15,2,89.05,178.1
370,8,37,114,2023-12-12,3,108.17,324.51
371,5,33,22,2023-04-20,2,89.77000000000001,179.54000000000002
372,10,3,93,2023-09-19,2,95.45,190.9
373,2,19,171,2023-08-31,3,69.48,208.44
374,6,23,67,2023-03-28,4,100.30999999999999,401.23999999999995
375,5,29,54,2023-12-04,3,97.91999999999999,293.76
376,5,30,138,2023-02-13,1,64.61,64.61
377,1,39,42,2023-05-26,3,71.94,215.82
378,2,44,64,2023-09-21,1,30.529999999999998,30.529999999999998
379,8,47,126,2023-12-06,4,127.28999999999999,509.15999999999997
380,3,25,21,2023-11-21,3,50.13,150.39000000000001
381,10,37,194,2023-11-14,3,69.26,207.78000000000003
382,3,47,169,2023-06-21,4,130.42000000000002,521.6800000000001
383,8,8,152,2023-02-17,1,90.81,90.81
384,8,42,35,2023-05-01,3,38.2,114.60000000000001
385,2,16,184,2023-12-11,1,22.509999999999998,22.509999999999998
386,8,8,30,2023-06-08,3,92.56,277.68
387,1,1,57,2023-04-26,2,72.73,145.46
388,6,44,47,2023-04-12,3,73.22,219.66
389,8,5,163,2023-03-17,4,57.239999999999995,228.95999999999998
390,3,3,19,2023-01-13,4,138.51999999999998,554.0799999999999
391,8,1,114,2023-01-24,1,70.93,70.93
392,1,4,8,2023-05-06,3,86.86000000000001,260.58000000000004
393,9,40,26,2023-09-01,1,118.53999999999999,118.53999999999999
394,9,35,113,2023-11-09,1,34.32,34.32
395,5,32,71,2023-02-07,2,9.55,19.1
396,10,42,30,2023-08-22,2,35.730000000000004,71.46000000000001
397,4,34,135,2023-08-01,4,45.26,181.04
398,6,43,67,2023-11-19,1,110.96,110.96
399,7,25,65,2023-10-22,4,25.03,100.12
400,5,10,36,2023-04-10,3,44.07,132.21
401,10,21,25,2023-12-23,1,108.38,108.38
402,9,46,37,2023-07-16,1,35.45,35.45
403,3,39,1,2023-09-11,3,79.02000000000001,237.06000000000003
404,7,27,143,2023-07-24,3,99.4,298.20000000000005
405,10,27,37,2023-05-05,4,99.25999999999999,397.03999999999996
406,10,2,141,2023-03-17,4,71.34,285.36
407,5,41,136,2023-12-02,3,58.8,176.39999999999998
408,7,48,133,2023-12-19,4,27.869999999999997,111.47999999999999
409,2,13,188,2023-01-03,3,123.56,370.68
410,4,9,128,2023-02-24,1,31.689999999999998,31.689999999999998
411,2,36,127,2023-08-06,1,27.4,27.4
412,7,22,1,2023-04-23,2,103.82000000000001,207.64000000000001
413,2,42,164,2023-04-01,1,56.010000000000005,56.010000000000005
414,1,26,35,2023-12-23,3,103.45,310.35
415,9,12,194,2023-09-23,4,54.11,216.44
416,1,17,191,2023-08-26,2,110.57000000000001,221.14000000000001
417,8,14,104,2023-01-26,4,91.76,367.04
418,2,14,23,2023-10-13,3,112.7,338.1
419,8,34,9,2023-05-08,1,51.71,51.71
420,3,20,34,2023-03-04,2,102.07,204.14
421,6,11,174,2023-08-22,3,95.09,285.27
422,3,16,128,2023-03-10,2,28.92,57.84
423,7,31,4,2023-08-26,2,98.5,197.0
424,10,6,158,2023-12-08,1,25.389999999999997,25.389999999999997
425,9,19,102,2023-09-29,3,86.96000000000001,260.88
426,2,37,75,2023-10-14,4,101.18,404.72
427,5,4,99,2023-11-01,2,65.39,130.78
428,6,47,72,2023-06-12,2,99.74,199.48
429,4,4,3,2023-08-15,4,62.64,250.56
430,4,20,142,2023-11-10,3,103.2,309.6
431,4,10,188,2023-09-16,2,21.89,43.78
432,2,24,173,2023-08-07,2,73.9,147.8
433,4,35,34,2023-10-08,2,64.88,129.76
434,1,26,45,2023-08-17,3,107.38,322.14
435,6,37,61,2023-03-23,3,102.69,308.07
436,1,38,83,2023-09-01,4,80.22,320.88
437,10,21,123,2023-08-19,3,116.46,349.38
438,6,40,102,2023-05-13,3,103.11,309.33
439,1,39,16,2023-05-07,1,91.45,91.45
440,6,21,66,2023-11-23,4,141.98,567.92
441,10,10,168,2023-05-22,2,46.42,92.84
442,8,38,145,2023-09-24,3,80.63000000000001,241.89000000000004
443,2,46,119,2023-09-06,2,24.53,49.06
444,2,4,162,2023-11-17,2,66.32000000000001,132.64000000000001
445,4,45,124,2023-05-03,1,117.27000000000001,117.27000000000001
446,3,20,144,2023-05-21,3,124.07,372.21
447,4,17,102,2023-08-14,4,139.65,558.6
448,7,7,188,2023-02-09,3,108.32000000000001,324.96000000000004
449,1,4,66,2023-05-27,2,57.64,115.28
450,6,29,194,2023-05-01,4,104.61,418.44
451,3,14,13,2023-05-20,3,78.28,234.84
452,10,3,184,2023-06-21,2,107.72,215.44
453,7,24,111,2023-06-13,2,61.99,123.98
454,10,37,159,2023-10-04,1,100.78999999999999,100.78999999999999
455,2,16,34,2023-02-11,1,46.31,46.31
456,2,4,39,2023-03-12,1,42.78,42.78
457,4,24,195,2023-03-19,2,61.11,122.22
458,1,34,136,2023-04-29,3,20.259999999999998,60.779999999999994
459,3,30,120,2023-07-16,1,24.240000000000002,24.240000000000002
460,9,18,126,2023-12-22,3,82.1,246.29999999999998
461,7,19,55,2023-03-20,1,43.26,43.26
462,7,31,27,2023-12-28,4,73.34,293.36
463,4,19,118,2023-04-20,4,49.45,197.8
464,2,49,53,2023-02-02,1,133.75,133.75
465,4,46,39,2023-08-01,2,34.44,68.88
466,6,19,65,2023-07-28,1,52.55,52.55
467,3,22,145,2023-06-19,1,124.29,124.29
468,1,24,158,2023-10-05,2,77.58000000000001,155.16000000000003
469,8,45,181,2023-08-27,4,144.46,577.84
470,5,12,13,2023-08-01,3,23.71,71.13
471,5,30,21,2023-02-01,1,59.980000000000004,59.980000000000004
472,4,38,147,2023-04-16,2,122.65,245.3
473,6,31,53,2023-08-04,1,97.69999999999999,97.69999999999999
474,3,36,19,2023-07-19,2,48.3,96.6
475,9,19,57,2023-10-27,3,72.07,216.20999999999998
476,5,48,25,2023-12-23,3,29.86,89.58
477,3,45,31,2023-01-11,4,134.38,537.52
478,1,36,81,2023-10-22,2,43.19,86.38
479,10,30,183,2023-07-14,2,49.75,99.5
480,6,49,23,2023-09-02,4,111.64999999999999,446.59999999999997
481,2,33,32,2023-01-04,4,86.36000000000001,345.44000000000005
482,3,18,190,2023-06-30,2,81.96000000000001,163.92000000000002
483,1,49,74,2023-06-02,4,97.84,391.36
484,9,28,10,2023-07-19,3,87.11,261.33
485,8,47,200,2023-08-03,1,124.61,124.61
486,2,11,54,2023-10-03,3,113.98,341.94
487,8,45,52,2023-10-07,4,118.64,474.56
488,9,33,148,2023-11-05,2,69.09,138.18
489,1,17,160,2023-04-23,2,144.57,289.14
490,5,6,114,2023-09-07,3,31.89,95.67
491,8,4,14,2023-04-23,2,80.71000000000001,161.42000000000002
492,2,20,178,2023-05-20,4,106.94,427.76
493,4,48,156,2023-08-12,3,35.29,105.87
494,7,47,110,2023-09-06,2,113.25,226.5
495,3,27,53,2023-01-15,1,87.13,87.13
496,5,15,152,2023-07-19,1,29.67,29.67
497,8,6,79,2023-06-22,4,21.5,86.0
498,10,47,22,2023-12-09,2,111.47,222.94
499,3,14,30,2023-12-14,4,73.4,293.6
500,4,11,191,2023-07-27,3,120.53,361.59000000000003
501,9,39,4,2023-03-26,1,108.74000000000001,108.74000000000001
502,7,9,59,2023-08-28,3,34.97,104.91
503,1,26,8,2023-03-07,2,115.52,231.04
504,4,16,12,2023-11-15,4,31.0,124.0
505,4,5,119,2023-10-01,4,50.0,200.0
506,9,10,159,2023-01-14,4,53.46,213.84
507,6,50,34,2023-07-21,3,102.52000000000001,307.56000000000006
508,9,3,82,2023-10-31,1,109.94,109.94
509,6,13,98,2023-10-16,3,122.46000000000001,367.38
510,6,43,127,2023-12-06,3,101.55,304.65
511,5,49,75,2023-01-14,2,139.19,278.38
512,5,30,105,2023-02-12,2,17.82,35.64
513,2,45,49,2023-11-26,2,127.08000000000001,254.16000000000003
514,8,6,79,2023-08-08,1,51.9,51.9
515,8,17,185,2023-03-11,1,133.44,133.44
516,1,45,93,2023-08-25,2,103.41000000000001,206.82000000000002
517,8,19,154,2023-04-04,2,87.2,174.4
518,5,42,18,2023-01-26,1,42.02,42.02
519,2,35,96,2023-05-14,4,47.8,191.2
520,2,46,38,2023-07-14,1,18.060000000000002,18.060000000000002
521,6,26,87,2023-06-17,1,94.88,94.88
522,9,5,88,2023-04-19,1,43.900000000000006,43.900000000000006
523,1,29,50,2023-08-21,2,112.53999999999999,225.07999999999998
524,6,37,8,2023-06-17,4,75.52,302.08
525,9,20,169,2023-06-22,1,91.6,91.6
526,8,49,134,2023-07-14,2,111.14999999999999,222.29999999999998
527,6,21,69,2023-05-23,3,133.1,399.29999999999995
528,3,10,172,2023-08-04,3,57.99,173.97
529,8,5,121,2023-05-10,1,21.240000000000002,21.240000000000002
530,9,36,64,2023-02-11,3,36.42,109.26
531,1,6,157,2023-08-29,4,24.49,97.96
532,9,26,156,2023-01-10,3,80.64,241.92000000000002
533,6,4,139,2023-10-04,3,71.76,215.28000000000003
534,6,39,121,2023-01-27,4,90.94,363.76
535,4,39,65,2023-06-29,1,69.41,69.41
536,1,50,107,2023-04-25,1,67.59,67.59
537,10,35,147,2023-11-29,4,18.45,73.8
538,8,1,137,2023-02-05,4,99.12,396.48
539,2,24,155,2023-11-30,4,89.5,358.0
540,1,36,162,2023-01-21,3,23.8,71.4
541,2,6,172,2023-01-16,4,30.919999999999998,123.67999999999999
542,1,41,196,2023-05-07,2,84.16,168.32
543,1,46,100,2023-04-13,3,52.55,157.64999999999998
544,9,44,82,2023-01-11,1,47.8,47.8
545,1,31,143,2023-11-15,1,55.279999999999994,55.279999999999994
546,4,20,51,2023-03-20,1,85.15,85.15
547,10,24,141,2023-05-03,3,69.86,209.57999999999998
548,6,25,83,2023-03-06,2,33.18,66.36
549,7,36,177,2023-08-31,4,18.56,74.24
550,2,21,198,2023-12-09,4,124.57,498.28
551,6,30,112,2023-02-28,1,17.11,17.11
552,7,24,56,2023-10-16,1,80.32,80.32
553,10,44,179,2023-04-22,3,42.26,126.78
554,10,42,165,2023-08-27,2,35.11,70.22
555,2,30,145,2023-12-25,4,45.39,181.56
556,2,22,186,2023-05-12,3,119.16,357.48
557,10,28,157,2023-07-08,4,94.02,376.08
558,7,7,161,2023-03-27,1,105.01,105.01
559,1,35,60,2023-11-07,4,30.78,123.12
560,8,28,120,2023-11-07,2,81.06,162.12
561,3,14,183,2023-02-28,2,86.39,172.78
562,6,10,138,2023-03-25,1,58.300000000000004,58.300000000000004
563,9,16,175,2023-06-09,2,32.42,64.84
564,6,16,23,2023-02-25,2,41.0,82.0
565,9,31,149,2023-10-24,3,55.279999999999994,165.83999999999997
566,7,42,13,2023-01-14,4,54.019999999999996,216.07999999999998
567,9,25,101,2023-06-09,1,54.72,54.72
568,2,13,161,2023-10-22,1,123.56,123.56
569,8,6,24,2023-12-13,1,30.57,30.57
570,8,44,108,2023-07-12,1,38.32,38.32
571,2,9,11,2023-07-23,1,55.66,55.66
572,4,45,17,2023-04-12,2,143.10000000000002,286.20000000000005
573,7,36,196,2023-02-08,3,21.83,65.49
574,4,43,175,2023-10-31,1,110.57,110.57
575,4,20,25,2023-12-20,3,99.75999999999999,299.28
576,6,18,94,2023-11-18,3,84.22,252.66
577,10,43,21,2023-05-05,2,92.61,185.22
578,6,21,84,2023-02-22,1,106.33999999999999,106.33999999999999
579,10,4,140,2023-12-23,2,76.21000000000001,152.42000000000002
580,3,50,37,2023-06-04,1,58.64,58.64
581,9,33,42,2023-12-17,2,74.65,149.3
582,10,27,145,2023-11-04,3,80.71,242.13
583,2,7,101,2023-03-03,1,94.73,94.73
584,6,6,48,2023-10-17,4,38.91,155.64
585,7,15,103,2023-01-22,3,39.7,119.10000000000001
586,9,18,28,2023-06-27,4,49.47,197.88
587,3,32,41,2023-09-30,3,35.11,105.33
588,10,11,99,2023-08-08,2,112.06,224.12
589,3,20,47,2023-12-05,1,120.47,120.47
590,7,24,146,2023-07-09,3,49.28,147.84
591,4,15,105,2023-02-05,2,21.04,42.08
592,8,48,124,2023-09-17,1,23.240000000000002,23.240000000000002
593,7,7,199,2023-11-28,1,96.03,96.03
594,5,21,13,2023-06-24,3,116.0,348.0
595,7,42,141,2023-01-07,1,66.45,66.45
596,3,26,100,2023-08-04,3,82.61,247.82999999999998
597,2,44,31,2023-09-08,1,28.939999999999998,28.939999999999998
598,6,14,130,2023-02-24,4,92.29,369.16
599,2,37,16,2023-08-10,2,101.83,203.66
600,3,21,137,2023-07-05,4,105.47,421.88
601,6,18,73,2023-11-22,3,72.99000000000001,218.97000000000003
602,5,5,166,2023-08-24,4,29.85,119.4
603,8,3,54,2023-12-29,3,133.75,401.25
604,9,23,184,2023-03-20,1,121.46,121.46
605,3,26,100,2023-08-11,1,94.4,94.4
606,10,37,109,2023-04-01,3,78.94,236.82
607,3,24,87,2023-09-25,4,61.89,247.56
608,3,49,173,2023-11-30,1,102.44999999999999,102.44999999999999
609,6,19,162,2023-05-19,2,74.16,148.32
610,1,25,137,2023-11-12,1,54.41,54.41
611,7,21,8,2023-10-03,2,128.97,257.94
612,1,12,7,2023-09-05,4,53.3,213.2
613,5,41,36,2023-08-27,2,61.06,122.12
614,10,33,18,2023-08-12,2,58.18000000000001,116.36000000000001
615,8,50,3,2023-10-31,2,92.28999999999999,184.57999999999998
616,4,4,28,2023-05-18,2,57.0,114.0
617,5,42,70,2023-06-15,1,66.03,66.03
618,4,7,172,2023-05-06,2,91.60000000000001,183.20000000000002
619,4,22,149,2023-02-14,1,103.65,103.65
620,8,33,28,2023-05-23,2,99.16,198.32
621,2,17,54,2023-08-19,3,107.38000000000001,322.14000000000004
622,1,24,182,2023-05-05,4,90.17,360.68
623,3,34,65,2023-08-26,2,59.24,118.48
624,9,28,100,2023-10-19,3,85.19999999999999,255.59999999999997
625,4,43,21,2023-11-09,2,120.83,241.66
626,10,41,13,2023-12-09,2,69.92,139.84
627,5,39,57,2023-07-14,2,103.86,207.72
628,2,22,49,2023-06-22,3,113.85,341.54999999999995
629,4,49,118,2023-01-15,4,113.58,454.32
630,2,17,54,2023-09-11,3,130.08,390.24
631,2,34,138,2023-06-16,4,31.5,126.0
632,4,6,53,2023-04-04,2,40.53,81.06
633,6,46,44,2023-09-07,1,23.33,23.33
634,7,6,47,2023-04-19,2,47.23,94.46
635,10,34,53,2023-07-01,4,53.03,212.12
636,3,1,74,2023-05-13,3,68.08,204.24
637,3,10,46,2023-06-24,2,59.78,119.56
638,10,21,13,2023-05-24,3,129.76,389.28
639,6,5,165,2023-11-02,3,57.46000000000001,172.38000000000002
640,3,2,102,2023-12-26,3,75.2,225.60000000000002
641,2,22,24,2023-05-22,2,137.87,275.74
642,8,48,2,2023-10-12,3,10.89,32.67
643,5,2,81,2023-01-06,3,88.05000000000001,264.15000000000003
644,1,10,100,2023-09-22,2,15.96,31.92
645,3,34,142,2023-04-08,3,54.96,164.88
646,10,16,138,2023-02-13,2,62.67,125.34
647,8,48,163,2023-05-04,4,24.509999999999998,98.03999999999999
648,4,39,153,2023-07-28,4,71.73,286.92
649,7,22,131,2023-09-08,4,137.17000000000002,548.6800000000001
650,10,12,111,2023-10-12,3,25.310000000000002,75.93
651,2,24,102,2023-05-04,1,84.15,84.15
652,7,47,17,2023-12-20,1,103.18,103.18
653,5,40,12,2023-09-01,3,103.58,310.74
654,5,38,182,2023-11-27,1,124.85,124.85
655,6,10,116,2023-12-31,2,47.010000000000005,94.02000000000001
656,9,35,24,2023-09-09,1,58.79,58.79
657,6,49,29,2023-08-18,3,106.55,319.65
658,8,32,171,2023-01-09,3,40.23,120.69
659,7,7,153,2023-02-17,2,107.46000000000001,214.92000000000002
660,9,21,122,2023-05-31,4,125.53999999999999,502.15999999999997
661,4,20,188,2023-04-24,3,116.66,349.98
662,2,26,90,2023-07-27,2,108.02,216.04
663,7,4,65,2023-12-21,1,60.36,60.36
664,6,46,84,2023-05-05,1,20.67,20.67
665,1,22,119,2023-06-06,2,137.32999999999998,274.65999999999997
666,9,15,156,2023-12-06,2,24.82,49.64
667,9,40,16,2023-10-25,3,131.34,394.02
668,2,21,175,2023-07-08,1,107.41999999999999,107.41999999999999
669,3,15,104,2023-08-31,2,44.370000000000005,88.74000000000001
670,5,22,92,2023-10-11,1,136.28,136.28
671,5,28,186,2023-09-29,2,57.019999999999996,114.03999999999999
672,1,14,27,2023-06-26,1,76.03,76.03
673,8,27,181,2023-08-06,4,65.47,261.88
674,8,41,170,2023-10-09,3,71.3,213.89999999999998
675,4,40,187,2023-06-19,1,139.03,139.03
676,7,28,175,2023-06-30,4,48.5,194.0
677,10,26,162,2023-12-26,1,115.8,115.8
678,3,49,165,2023-08-21,1,107.38,107.38
679,6,2,134,2023-05-19,4,71.4,285.6
680,10,25,135,2023-06-06,1,59.44,59.44
681,10,3,153,2023-05-09,1,106.6,106.6
682,9,8,33,2023-04-29,3,87.53,262.59000000000003
683,1,44,55,2023-03-03,4,27.909999999999997,111.63999999999999
684,5,33,186,2023-04-09,4,54.52,218.08
685,4,42,7,2023-06-11,2,45.81,91.62
686,8,35,57,2023-03-03,1,18.65,18.65
687,1,6,126,2023-10-02,3,50.519999999999996,151.56
688,9,39,12,2023-12-20,1,82.31,82.31
689,6,23,16,2023-04-05,1,104.42999999999999,104.42999999999999
690,4,25,43,2023-04-09,2,22.490000000000002,44.980000000000004
691,9,50,117,2023-04-21,1,70.63,70.63
692,5,43,135,2023-09-05,3,121.05,363.15
693,5,19,111,2023-05-22,3,88.50999999999999,265.53
694,5,5,51,2023-10-29,2,19.59,39.18
695,1,11,160,2023-09-26,1,116.22,116.22
696,1,12,75,2023-11-02,3,41.18,123.53999999999999
697,8,10,8,2023-05-25,1,41.62,41.62
698,8,8,200,2023-02-21,1,89.24,89.24
699,6,24,45,2023-04-10,1,45.14,45.14
700,4,28,59,2023-06-01,2,50.699999999999996,101.39999999999999
701,2,41,132,2023-04-27,1,71.05,71.05
702,2,36,104,2023-07-04,3,33.870000000000005,101.61000000000001
703,9,37,195,2023-04-02,1,112.62,112.62
704,5,21,157,2023-06-04,3,115.91,347.73
705,4,8,157,2023-01-08,1,71.75,71.75
706,10,9,98,2023-12-29,3,50.63,151.89000000000001
707,1,47,156,2023-10-01,3,112.51,337.53000000000003
708,7,15,79,2023-03-06,1,39.480000000000004,39.480000000000004
709,3,48,124,2023-05-21,1,44.29,44.29
710,6,46,172,2023-01-24,3,51.26,153.78
711,5,40,4,2023-01-28,4,136.23,544.92
712,5,18,90,2023-10-11,2,74.7,149.4
713,5,42,104,2023-05-30,4,66.44,265.76
714,1,20,137,2023-12-24,4,129.57,518.28
715,1,6,119,2023-03-06,1,34.08,34.08
716,3,12,133,2023-11-23,2,12.96,25.92
717,10,2,56,2023-09-09,4,61.28,245.12
718,4,7,96,2023-02-22,1,89.02000000000001,89.02000000000001
719,5,16,178,2023-01-07,4,46.49,185.96
720,2,3,75,2023-10-21,4,121.38,485.52
721,8,45,143,2023-05-26,1,126.59,126.59
722,2,3,32,2023-08-29,1,91.13,91.13
723,9,27,28,2023-09-03,1,94.75999999999999,94.75999999999999
724,2,50,22,2023-08-14,2,71.98,143.96
725,9,43,17,2023-06-24,4,121.11,484.44
726,7,40,59,2023-04-05,1,124.67999999999999,124.67999999999999
727,8,38,90,2023-01-27,3,93.66,280.98
728,2,33,199,2023-05-10,4,57.11,228.44
729,7,28,106,2023-09-02,3,50.93,152.79
730,6,1,185,2023-02-28,2,98.95,197.9
731,4,8,26,2023-02-03,1,109.72999999999999,109.72999999999999
732,7,37,25,2023-07-25,3,99.51,298.53000000000003
733,4,32,138,2023-09-09,2,12.15,24.3
734,2,48,45,2023-02-07,1,29.799999999999997,29.799999999999997
735,10,43,83,2023-10-23,3,124.24,372.71999999999997
736,7,37,11,2023-11-19,3,105.88,317.64
737,8,4,181,2023-12-18,2,45.13,90.26
738,2,30,200,2023-01-28,1,16.560000000000002,16.560000000000002
739,5,6,104,2023-03-19,1,54.47,54.47
740,1,46,68,2023-03-18,3,24.619999999999997,73.85999999999999
741,7,19,95,2023-10-16,3,53.68,161.04
742,8,32,156,2023-06-05,3,7.71,23.13
743,6,9,65,2023-02-13,1,42.08,42.08
744,5,12,49,2023-05-08,2,54.620000000000005,109.24000000000001
745,6,11,175,2023-03-02,2,119.51,239.02
746,2,46,52,2023-10-13,1,34.87,34.87
747,1,16,102,2023-08-02,4,39.27,157.08
748,7,1,182,2023-11-07,2,62.38,124.76
749,7,45,188,2023-11-02,3,124.4,373.20000000000005
750,10,21,57,2023-11-13,4,114.61,458.44
751,10,30,47,2023-04-26,4,46.31,185.24
752,2,13,159,2023-09-25,2,103.13,206.26
753,2,34,174,2023-07-14,4,23.119999999999997,92.47999999999999
754,1,4,26,2023-08-19,4,43.99,175.96
755,10,28,114,2023-08-15,2,61.73,123.46
756,8,38,5,2023-06-02,2,81.61,163.22
757,8,31,84,2023-10-29,4,61.47,245.88
758,1,27,52,2023-08-08,3,107.43,322.29
759,8,5,105,2023-06-06,1,38.88,38.88
760,9,25,54,2023-10-19,4,39.989999999999995,159.95999999999998
761,4,3,161,2023-11-14,4,133.14,532.56
762,1,33,178,2023-01-31,3,99.30000000000001,297.90000000000003
763,1,4,166,2023-11-09,4,67.89,271.56
764,3,25,155,2023-02-20,4,53.74,214.96
765,5,20,15,2023-04-17,1,99.24,99.24
766,5,34,61,2023-11-17,1,26.33,26.33
767,9,26,122,2023-04-19,1,99.56,99.56
768,10,5,21,2023-05-16,2,50.07000000000001,100.14000000000001
769,2,35,46,2023-12-05,2,50.72,101.44
770,2,28,197,2023-02-11,1,61.75,61.75
771,6,29,134,2023-03-22,1,98.63,98.63
772,9,9,38,2023-05-03,2,46.599999999999994,93.19999999999999
773,1,38,62,2023-03-30,3,83.16000000000001,249.48000000000002
774,9,50,86,2023-10-10,4,84.48,337.92
775,9,6,190,2023-02-08,4,53.559999999999995,214.23999999999998
776,9,19,78,2023-03-22,1,75.53999999999999,75.53999999999999
777,5,44,46,2023-01-02,3,64.16,192.48
778,9,11,141,2023-07-29,2,115.36000000000001,230.72000000000003
779,4,2,3,2023-08-19,1,72.45,72.45
780,2,47,6,2023-12-19,3,133.92000000000002,401.76000000000005
781,6,44,93,2023-11-01,3,57.58,172.74
782,4,44,8,2023-08-29,3,36.39,109.17
783,6,9,172,2023-05-30,2,16.869999999999997,33.739999999999995
784,3,21,108,2023-01-17,2,109.92999999999999,219.85999999999999
785,6,24,161,2023-04-29,4,63.45,253.8
786,2,34,75,2023-05-28,4,41.589999999999996,166.35999999999999
787,2,22,77,2023-12-28,3,141.32,423.96
788,9,3,50,2023-05-25,3,99.95,299.85
789,7,12,11,2023-12-26,2,19.060000000000002,38.120000000000005
790,3,28,95,2023-08-21,4,93.50999999999999,374.03999999999996
791,1,30,156,2023-02-06,3,21.85,65.55000000000001
792,8,26,70,2023-12-18,4,103.28,413.12
793,6,48,169,2023-04-30,4,38.79,155.16
794,7,21,16,2023-05-16,3,122.52,367.56
795,9,28,68,2023-11-17,2,50.519999999999996,101.03999999999999
796,5,26,99,2023-10-29,3,82.62,247.86
797,1,33,48,2023-12-05,3,55.690000000000005,167.07000000000002
798,10,21,184,2023-04-12,4,124.67999999999999,498.71999999999997
799,7,35,64,2023-08-06,3,43.96,131.88
800,5,34,187,2023-02-28,2,22.799999999999997,45.599999999999994
801,3,41,90,2023-10-06,3,72.86,218.57999999999998
802,9,47,190,2023-04-26,2,138.32,276.64
803,1,18,76,2023-11-28,2,43.6,87.2
804,1,11,139,2023-03-18,4,97.0,388.0
805,1,23,101,2023-05-17,1,111.35,111.35
806,3,48,89,2023-03-14,1,22.46,22.46
807,6,22,18,2023-02-06,4,114.75,459.0
808,10,17,19,2023-01-31,3,129.8,389.40000000000003
809,3,5,55,2023-03-26,4,61.120000000000005,244.48000000000002
810,8,44,102,2023-06-07,2,66.92999999999999,133.85999999999999
811,10,11,118,2023-11-01,1,101.16,101.16
812,2,30,154,2023-10-19,4,52.34,209.36
813,9,15,134,2023-05-28,3,31.61,94.83
814,3,27,4,2023-08-13,4,90.46,361.84
815,5,35,108,2023-03-05,1,40.129999999999995,40.129999999999995
816,10,33,115,2023-08-28,4,59.830000000000005,239.32000000000002
817,8,20,29,2023-12-19,4,117.61,470.44
818,2,16,59,2023-06-05,1,41.33,41.33
819,6,34,125,2023-12-25,2,28.92,57.84
820,5,2,98,2023-07-26,2,92.61,185.22
821,10,35,17,2023-05-20,1,18.32,18.32
822,9,40,107,2023-09-14,4,112.88,451.52
823,5,28,43,2023-10-04,1,49.089999999999996,49.089999999999996
824,2,47,80,2023-09-10,2,135.7,271.4
825,5,39,194,2023-08-13,3,95.82,287.46
826,4,6,162,2023-02-11,4,35.81999999999999,143.27999999999997
827,7,9,8,2023-11-03,2,48.72,97.44
828,6,20,141,2023-01-21,4,102.62,410.48
829,2,1,106,2023-08-10,1,95.27000000000001,95.27000000000001
830,5,8,8,2023-06-15,3,86.97999999999999,260.93999999999994
831,7,23,96,2023-11-06,1,97.77,97.77
832,7,3,94,2023-05-09,3,136.13,408.39
833,5,4,65,2023-01-14,4,51.63,206.52
834,9,25,171,2023-02-16,4,19.83,79.32
835,4,47,39,2023-04-28,1,126.78,126.78
836,3,38,81,2023-12-12,3,124.37,373.11
837,4,15,187,2023-10-22,3,32.24,96.72
838,5,21,84,2023-10-28,4,99.03,396.12
839,6,35,88,2023-01-11,1,33.92,33.92
840,3,46,86,2023-12-11,3,31.939999999999998,95.82
841,2,14,93,2023-05-18,4,81.02000000000001,324.08000000000004
842,4,36,86,2023-10-23,2,49.41,98.82
843,5,12,44,2023-01-21,1,61.8,61.8
844,4,17,137,2023-03-31,2,121.87,243.74
845,3,39,165,2023-08-29,1,78.8,78.8
846,8,9,74,2023-09-23,4,35.239999999999995,140.95999999999998
847,10,35,36,2023-11-30,3,22.93,68.78999999999999
848,4,13,101,2023-08-15,3,127.36,382.08
849,2,15,156,2023-05-23,3,34.06,102.18
850,2,18,170,2023-04-03,1,60.540000000000006,60.540000000000006
851,1,33,171,2023-10-27,4,82.84,331.36
852,4,6,170,2023-08-12,2,41.239999999999995,82.47999999999999
853,10,27,104,2023-11-22,4,90.81,363.24
854,9,23,66,2023-09-09,2,80.58,161.16
855,7,27,55,2023-02-16,1,98.91999999999999,98.91999999999999
856,10,34,200,2023-08-29,1,57.43,57.43
857,7,46,176,2023-06-28,2,38.94,77.88
858,7,38,91,2023-07-29,2,123.64000000000001,247.28000000000003
859,8,14,22,2023-06-20,2,80.51,161.02
860,1,36,101,2023-06-14,4,40.55,162.2
861,10,8,155,2023-12-10,2,94.22,188.44
862,10,35,121,2023-02-23,1,45.8,45.8
863,8,19,93,2023-03-24,1,60.88,60.88
864,4,30,195,2023-06-18,3,33.13,99.39000000000001
865,4,14,108,2023-07-30,2,79.3,158.6
866,4,20,141,2023-12-22,4,102.42,409.68
867,6,49,173,2023-09-11,4,98.63,394.52
868,7,25,10,2023-05-28,4,49.91,199.64
869,6,40,9,2023-12-06,3,107.64,322.92
870,1,24,182,2023-07-25,1,44.61,44.61
871,8,14,155,2023-10-09,4,100.16,400.64
872,10,26,34,2023-01-19,1,109.0,109.0
873,7,38,129,2023-08-21,3,119.59,358.77
874,6,23,160,2023-02-15,2,105.83999999999999,211.67999999999998
875,6,22,89,2023-06-11,2,116.6,233.2
876,5,48,93,2023-05-10,2,49.45,98.9
877,6,19,71,2023-06-15,4,67.68,270.72
878,9,46,67,2023-03-01,2,11.030000000000001,22.060000000000002
879,10,3,148,2023-07-26,4,118.06,472.24
880,9,42,117,2023-09-21,3,77.63,232.89
881,10,19,94,2023-01-01,3,60.63,181.89000000000001
882,8,9,163,2023-12-03,4,30.13,120.52
883,10,28,99,2023-10-05,1,53.33,53.33
884,9,20,113,2023-08-25,2,90.64,181.28
885,10,45,103,2023-07-31,2,118.72,237.44
886,8,7,91,2023-01-28,2,107.53,215.06
887,8,14,90,2023-04-07,4,77.04,308.16
888,1,9,17,2023-09-23,3,61.65,184.95
889,10,19,18,2023-07-05,2,78.21000000000001,156.42000000000002
890,5,47,173,2023-11-15,3,126.88,380.64
891,4,14,116,2023-09-13,2,113.68,227.36
892,2,38,93,2023-11-17,2,80.80000000000001,161.60000000000002
893,8,36,181,2023-08-15,4,40.53,162.12
894,3,40,91,2023-01-27,1,128.28,128.28
895,4,17,82,2023-04-15,4,140.33,561.32
896,7,30,68,2023-05-17,2,54.95,109.9
897,10,9,193,2023-10-09,2,29.189999999999998,58.379999999999995
898,9,33,114,2023-03-09,1,96.62,96.62
899,2,25,1,2023-05-28,3,20.02,60.06
900,3,14,58,2023-08-13,3,115.97,347.90999999999997
901,4,11,154,2023-12-24,2,120.17,240.34
902,10,35,109,2023-09-06,3,25.97,77.91
903,1,41,148,2023-03-04,2,76.99000000000001,153.98000000000002
904,7,14,116,2023-01-15,1,75.06,75.06
905,2,30,87,2023-11-19,1,36.43,36.43
906,5,41,10,2023-11-08,2,66.91,133.82
907,1,4,59,2023-05-03,1,67.79,67.79
908,3,4,41,2023-12-30,4,85.2,340.8
909,2,28,105,2023-03-23,4,79.24,316.96
910,1,8,133,2023-06-09,1,88.31,88.31
911,7,2,122,2023-10-10,2,87.62,175.24
912,5,41,193,2023-01-08,2,88.19,176.38
913,1,46,145,2023-10-10,1,8.23,8.23
914,6,22,22,2023-07-28,3,147.81,443.43
915,5,41,98,2023-02-17,4,45.83,183.32
916,3,16,169,2023-04-26,3,53.96,161.88
917,7,29,68,2023-02-28,2,105.83999999999999,211.67999999999998
918,10,49,197,2023-08-25,2,97.14,194.28
919,9,48,139,2023-03-02,3,31.65,94.94999999999999
920,9,30,56,2023-11-28,1,48.11,48.11
921,9,12,179,2023-03-20,3,31.580000000000002,94.74000000000001
922,2,35,149,2023-09-13,3,19.96,59.88
923,3,11,99,2023-05-30,4,101.96000000000001,407.84000000000003
924,7,46,76,2023-09-18,4,51.37,205.48
925,5,50,26,2023-12-28,3,74.91,224.73
926,2,21,115,2023-05-20,3,106.58999999999999,319.77
927,3,21,147,2023-08-01,2,117.67999999999999,235.35999999999999
928,10,5,109,2023-09-05,4,19.490000000000002,77.96000000000001
929,6,48,188,2023-08-30,4,50.300000000000004,201.20000000000002
930,7,20,199,2023-05-05,2,123.71000000000001,247.42000000000002
931,9,37,47,2023-08-22,1,96.48,96.48
932,1,3,71,2023-10-10,4,107.63,430.52
933,7,44,154,2023-03-16,4,66.42999999999999,265.71999999999997
934,8,33,40,2023-07-16,1,77.7,77.7
935,3,9,133,2023-04-08,4,56.08,224.32
936,4,9,149,2023-11-03,4,46.55,186.2
937,10,4,132,2023-09-18,1,77.78,77.78
938,6,35,23,2023-03-11,1,46.62,46.62
939,10,17,106,2023-02-05,3,120.02000000000001,360.06000000000006
940,7,34,84,2023-05-22,2,58.29,116.58
941,4,24,143,2023-08-01,2,68.25,136.5
942,8,32,116,2023-06-24,1,36.73,36.73
943,5,1,109,2023-09-17,1,69.01,69.01
944,1,8,136,2023-05-17,4,95.39,381.56
945,4,45,41,2023-01-02,3,125.52000000000001,376.56000000000006
946,3,23,112,2023-05-25,3,86.63,259.89
947,9,47,147,2023-06-02,1,101.06,101.06
948,8,40,112,2023-10-28,4,127.02,508.08
949,1,12,103,2023-10-24,4,50.33,201.32
950,6,12,46,2023-12-04,2,38.56,77.12
951,9,46,156,2023-09-08,2,18.259999999999998,36.519999999999996
952,7,47,68,2023-03-18,4,130.8,523.2
953,4,15,122,2023-08-17,2,17.66,35.32
954,1,41,15,2023-10-03,1,63.26,63.26
955,2,19,165,2023-09-05,4,49.21,196.84
956,5,26,129,2023-06-26,2,88.87,177.74
957,5,29,195,2023-06-20,3,102.00999999999999,306.03
958,8,22,111,2023-10-10,4,118.62,474.48
959,6,40,24,2023-10-06,4,99.92,399.68
960,8,21,27,2023-07-13,3,115.47999999999999,346.43999999999994
961,2,38,40,2023-08-22,1,101.94,101.94
962,3,20,191,2023-06-14,3,106.9,320.70000000000005
963,6,29,189,2023-04-07,4,110.86,443.44
964,10,4,164,2023-12-24,1,80.46000000000001,80.46000000000001
965,3,7,24,2023-05-03,2,85.46000000000001,170.92000000000002
966,6,28,24,2023-10-20,2,71.08,142.16
967,6,28,4,2023-07-16,2,49.339999999999996,98.67999999999999
968,2,4,67,2023-04-30,4,42.830000000000005,171.32000000000002
969,7,22,34,2023-07-30,3,127.79,383.37
970,2,12,185,2023-01-23,1,40.64,40.64
971,6,45,177,2023-06-12,2,140.53,281.06
972,1,3,181,2023-08-31,1,117.67,117.67
973,3,22,116,2023-12-28,4,146.7,586.8
974,2,44,23,2023-07-15,2,29.63,59.26
975,7,2,109,2023-07-17,4,52.75,211.0
976,4,24,69,2023-12-06,3,43.900000000000006,131.70000000000002
977,8,34,95,2023-11-30,4,20.43,81.72
978,6,27,181,2023-03-19,4,85.57,342.28
979,10,41,62,2023-09-11,3,73.24000000000001,219.72000000000003
980,4,1,169,2023-01-19,1,60.44,60.44
981,5,8,57,2023-03-06,3,111.08,333.24
982,9,23,188,2023-09-15,3,118.84,356.52
983,7,38,54,2023-10-30,4,91.4,365.6
984,10,6,70,2023-06-19,1,23.36,23.36
985,9,22,101,2023-02-21,2,107.99000000000001,215.98000000000002
986,7,25,57,2023-08-14,3,20.15,60.449999999999996
987,1,18,138,2023-02-21,1,47.6,47.6
988,8,17,168,2023-09-27,3,125.14,375.42
989,4,12,135,2023-08-22,3,24.96,74.88
990,3,6,103,2023-01-08,3,37.129999999999995,111.38999999999999
991,7,26,166,2023-03-15,3,128.32,384.96
992,3,27,85,2023-07-29,4,92.58,370.32
993,8,8,61,2023-12-02,1,111.22999999999999,111.22999999999999
994,6,19,3,2023-03-21,1,48.2,48.2
995,5,42,128,2023-02-08,1,51.86,51.86
996,4,1,179,2023-08-29,3,85.39,256.17
997,8,29,86,2023-05-16,4,95.86,383.44
998,8,45,47,2023-06-23,3,97.72,293.15999999999997
999,1,49,196,2023-11-16,3,123.50999999999999,370.53
1000,9,35,76,2023-12-21,1,48.74,48.74
